{"valueType":"nodes","values":[{"_typeName":"Post","id":"cjfc802vlmy9l0b18wrnymjlw","createdAt":"2018-03-29T07:51:27.000Z","isPublished":true,"text":"This is my first blog post ever!","title":"Hello World","updatedAt":"2018-03-29T07:51:27.000Z"},{"_typeName":"Post","id":"cjfc802vlmy9m0b18svymio1r","createdAt":"2018-03-29T07:51:27.000Z","isPublished":true,"text":"My first post was good, but this one is better!","title":"My Second Post","updatedAt":"2018-03-29T07:51:27.000Z"},{"_typeName":"Post","id":"cjfc802vlmy9n0b18oi5s24dj","createdAt":"2018-03-29T07:51:27.000Z","isPublished":false,"text":"This is a draft...","title":"Solving World Hunger","updatedAt":"2018-03-29T07:51:27.000Z"},{"_typeName":"User","id":"cjfc802vlmy9k0b18on9kukm7","createdAt":"2018-03-29T07:51:27.000Z","email":"developer@example.com","name":"Sarah","password":"$2a$10$hACwQ5/HQI6FhbIISOUVeusy3sKyUDhSq36fF5d/54aAdiygJPFzm","updatedAt":"2018-03-29T07:51:27.000Z"},{"_typeName":"User","id":"cjfcl7ue77h1n0b18pg3ys46h","createdAt":"2018-03-29T14:01:24.000Z","email":"boom@gmail.com","name":"boom","password":"$2a$10$yNFByUmvBKTapo6bGmj4pulpYnJrqGtqtMwM61xBmNws8pOMO7aFu","updatedAt":"2018-03-29T14:01:24.000Z"},{"_typeName":"User","id":"cjfclbbll7hid0b18gvwofifb","createdAt":"2018-03-29T14:04:07.000Z","email":"moise@gmail.com","name":"moise","password":"$2a$10$DdJQ3ydF.PhmQpJMsr2IO.YUV.MOF8ci7LGVg2BJdNkjEhoLVyseu","updatedAt":"2018-03-29T14:04:07.000Z"},{"_typeName":"User","id":"cjfcrcp8hckbs0b18d87vdksd","createdAt":"2018-03-29T16:53:09.000Z","email":"","name":"","password":"$2a$10$GeY73JYAZ4f.63eyhuEGXeHRyO6QyEZ9rkMERQziQ88yssp9yueA.","updatedAt":"2018-03-29T16:53:09.000Z"},{"_typeName":"User","id":"cjfdr8d9zxgcl0b18y2a0vph2","createdAt":"2018-03-30T09:37:33.000Z","email":"Fftggf@fgyuuy.tyyt","name":"Tgujhgygt","password":"$2a$10$3ez4Me42LMNRj3eEcxugcOpKFu0XfZuA2g0ZEOv15BQrmIEP8XMzK","updatedAt":"2018-03-30T09:37:33.000Z"},{"_typeName":"User","id":"cjfdr9uj7xh1c0b18hi3hgl3u","createdAt":"2018-03-30T09:38:42.000Z","email":"Fghhh@sfff","name":"Fttyyyh","password":"$2a$10$6YbVRJPit1apiCOUpQGMx.Ys4EWZO4wDbLlxWfBVqjh0Wcu/MJKcu","updatedAt":"2018-03-30T09:38:42.000Z"},{"_typeName":"User","id":"cjfhyot7utd9o0b39gwzgoxkb","createdAt":"2018-04-02T08:17:22.000Z","email":"Charles@gmail.com","name":"Charles","password":"$2a$10$oaTJgqW1X9eQLihwpAAiiOzWoYi55DccMnTJjr9k8LL60d0mymYL2","updatedAt":"2018-04-02T08:17:22.000Z"},{"_typeName":"User","id":"cjfi74m5m0nr90b394b74dtdq","createdAt":"2018-04-02T12:13:36.000Z","email":"Gid@gmail.com","name":"Gid","password":"$2a$10$q6PB1iklvoUH0c1VmGzlDuqzpWl..q04JxVI5wxBIefKZcGTauIxS","updatedAt":"2018-04-02T12:13:36.000Z"}]}